title,Price,Date,Ratings,Reviews
"Ninja Blenders-Countertop, 48 oz, Gray",34.88,2023-03-29,"21,273","

"
"Ninja Blenders-Countertop, 48 oz, Gray",34.88,2023-03-29,"21,273","

"
"Ninja Blenders-Countertop, 48 oz, Gray",34.88,2023-03-29,"21,273","

"
"Ninja Blenders-Countertop, 48 oz, Gray",34.88,2023-03-29,"21,273","

"
"Ninja Blenders-Countertop, 48 oz, Gray",34.88,2023-03-29,"21,273","

"
"Ninja Blenders-Countertop, 48 oz, Gray",34.88,2023-03-29,"21,273","

"
"Ninja Blenders-Countertop, 48 oz, Gray",34.88,2023-03-29,,"21,273 ratings"
"Ninja Blenders-Countertop, 48 oz, Gray",34.88,2023-03-29,,"21,273 ratings"
"Ninja Blenders-Countertop, 48 oz, Gray",34.88,2023-03-29,,"21,273 ratings"
"Ninja Blenders-Countertop, 48 oz, Gray",34.88,2023-03-29,,"21,273 ratings"
"Ninja Blenders-Countertop, 48 oz, Gray",34.88,2023-03-29,,"21,273 ratings"
"Ninja Blenders-Countertop, 48 oz, Gray",34.88,2023-03-29,,"21,273 ratings"
"Ninja Blenders-Countertop, 48 oz, Gray",34.88,2023-03-29,,"21,273 ratings"
"Ninja Blenders-Countertop, 48 oz, Gray",34.88,2023-03-29,,"21,273 ratings"
"Ninja Blenders-Countertop, 48 oz, Gray",34.88,2023-03-29,,"21,273 ratings"
"Ninja Blenders-Countertop, 48 oz, Gray",34.88,2023-03-29,,"21,273 ratings"
"Ninja Blenders-Countertop, 48 oz, Gray",34.88,2023-03-29,,"21,273 ratings"
"Ninja Blenders-Countertop, 48 oz, Gray",34.88,2023-03-29,,"21,273 ratings"
"Ninja Blenders-Countertop, 48 oz, Gray",34.88,2023-03-29,,"21,273 ratings"
